[
  {
    "id": "1772275207569",
    "title": "Robert starts to play the next...",
    "themePrompt": "Robert starts to play the next extention of World of Warcraft",
    "created": "2026-02-28T10:40:07.569Z",
    "blocks": [
      {
        "id": 0,
        "rawJa": "ロバートはワクワクしながら、パソコンの前に座りました。今日は「ワールド・オブ・ウォークラフト」の新しいアップデートの発売日です。「ついに、この日が来た！」と彼はうれしそうに言いました。画面の「プレイ」ボタンを押すと、新しい冒険の世界が目の前に広がります。彼はまず、自分のキャラクターの装備を確認することにしました。\n[OPTION A: すぐに新しいクエストを受けに行く]\n\n\n[OPTION B: ギルドの仲間に挨拶をする]\n",
        "enrichedData": {
          "originalText": "ロバートはワクワクしながら、パソコンの前に座りました。今日は「ワールド・オブ・ウォークラフト」の新しいアップデートの発売日です。「ついに、この日が来た！」と彼はうれしそうに言いました。画面の「プレイ」ボタンを押すと、新しい冒険の世界が目の前に広がります。彼はまず、自分のキャラクターの装備を確認することにしました。\n[OPTION A: すぐに新しいクエストを受けに行く]\n\n\n[OPTION B: ギルドの仲間に挨拶をする]\n",
          "words": [
            {
              "surface": "ロバート",
              "base": "ロバート",
              "furi": "",
              "roma": "robāto",
              "trans_base": "Robert",
              "trans_context": "Robert",
              "note": ""
            },
            {
              "surface": "は",
              "base": "は",
              "furi": "",
              "roma": "wa",
              "trans_base": "",
              "trans_context": "",
              "note": ""
            },
            {
              "surface": "ワクワク",
              "base": "ワクワク",
              "furi": "",
              "roma": "wakuwaku",
              "trans_base": "excitedly",
              "trans_context": "excitedly",
              "note": ""
            },
            {
              "surface": "し",
              "base": "する",
              "furi": "",
              "roma": "shi",
              "trans_base": "doing",
              "trans_context": "doing",
              "note": ""
            },
            {
              "surface": "ながら",
              "base": "ながら",
              "furi": "",
              "roma": "nagara",
              "trans_base": "while",
              "trans_context": "while",
              "note": ""
            },
            {
              "surface": "、",
              "base": "、",
              "furi": "",
              "roma": "",
              "trans_base": "",
              "trans_context": "",
              "note": ""
            },
            {
              "surface": "パソコン",
              "base": "パソコン",
              "furi": "",
              "roma": "pasokon",
              "trans_base": "computer",
              "trans_context": "computer",
              "note": ""
            },
            {
              "surface": "の",
              "base": "の",
              "furi": "",
              "roma": "no",
              "trans_base": "",
              "trans_context": "",
              "note": ""
            },
            {
              "surface": "前",
              "base": "前",
              "furi": "まえ",
              "roma": "mae",
              "trans_base": "front",
              "trans_context": "front",
              "note": ""
            },
            {
              "surface": "に",
              "base": "に",
              "furi": "",
              "roma": "ni",
              "trans_base": "",
              "trans_context": "",
              "note": ""
            },
            {
              "surface": "座りました",
              "base": "座る",
              "furi": "すわりました",
              "roma": "suwarimashita",
              "trans_base": "sat",
              "trans_context": "sat",
              "note": ""
            },
            {
              "surface": "。",
              "base": "。",
              "furi": "",
              "roma": "",
              "trans_base": "",
              "trans_context": "",
              "note": ""
            },
            {
              "surface": "今日",
              "base": "今日",
              "furi": "きょう",
              "roma": "kyō",
              "trans_base": "today",
              "trans_context": "today",
              "note": ""
            },
            {
              "surface": "は",
              "base": "は",
              "furi": "",
              "roma": "wa",
              "trans_base": "",
              "trans_context": "",
              "note": ""
            },
            {
              "surface": "「",
              "base": "「",
              "furi": "",
              "roma": "",
              "trans_base": "",
              "trans_context": "",
              "note": ""
            },
            {
              "surface": "ワールド・オブ・ウォークラフト",
              "base": "ワールド・オブ・ウォークラフト",
              "furi": "",
              "roma": "wārudo obu wōkurafuto",
              "trans_base": "World of Warcraft",
              "trans_context": "World of Warcraft",
              "note": ""
            },
            {
              "surface": "」",
              "base": "」",
              "furi": "",
              "roma": "",
              "trans_base": "",
              "trans_context": "",
              "note": ""
            },
            {
              "surface": "の",
              "base": "の",
              "furi": "",
              "roma": "no",
              "trans_base": "",
              "trans_context": "",
              "note": ""
            },
            {
              "surface": "新しい",
              "base": "新しい",
              "furi": "あたらしい",
              "roma": "atarashii",
              "trans_base": "new",
              "trans_context": "new",
              "note": ""
            },
            {
              "surface": "アップデート",
              "base": "アップデート",
              "furi": "",
              "roma": "appudēto",
              "trans_base": "update",
              "trans_context": "update",
              "note": ""
            },
            {
              "surface": "の",
              "base": "の",
              "furi": "",
              "roma": "no",
              "trans_base": "",
              "trans_context": "",
              "note": ""
            },
            {
              "surface": "発売日",
              "base": "発売日",
              "furi": "はつばいび",
              "roma": "hatsubaibi",
              "trans_base": "release date",
              "trans_context": "release date",
              "note": ""
            },
            {
              "surface": "です",
              "base": "です",
              "furi": "",
              "roma": "desu",
              "trans_base": "",
              "trans_context": "",
              "note": ""
            },
            {
              "surface": "。",
              "base": "。",
              "furi": "",
              "roma": "",
              "trans_base": "",
              "trans_context": "",
              "note": ""
            },
            {
              "surface": "「",
              "base": "「",
              "furi": "",
              "roma": "",
              "trans_base": "",
              "trans_context": "",
              "note": ""
            },
            {
              "surface": "ついに",
              "base": "ついに",
              "furi": "",
              "roma": "tsuini",
              "trans_base": "finally",
              "trans_context": "finally",
              "note": ""
            },
            {
              "surface": "、",
              "base": "、",
              "furi": "",
              "roma": "",
              "trans_base": "",
              "trans_context": "",
              "note": ""
            },
            {
              "surface": "この",
              "base": "この",
              "furi": "",
              "roma": "kono",
              "trans_base": "this",
              "trans_context": "this",
              "note": ""
            },
            {
              "surface": "日",
              "base": "日",
              "furi": "ひ",
              "roma": "hi",
              "trans_base": "day",
              "trans_context": "day",
              "note": ""
            },
            {
              "surface": "が",
              "base": "が",
              "furi": "",
              "roma": "ga",
              "trans_base": "",
              "trans_context": "",
              "note": ""
            },
            {
              "surface": "来た",
              "base": "来る",
              "furi": "きた",
              "roma": "kita",
              "trans_base": "has come",
              "trans_context": "has come",
              "note": ""
            },
            {
              "surface": "！",
              "base": "！",
              "furi": "",
              "roma": "",
              "trans_base": "",
              "trans_context": "",
              "note": ""
            },
            {
              "surface": "」",
              "base": "」",
              "furi": "",
              "roma": "",
              "trans_base": "",
              "trans_context": "",
              "note": ""
            },
            {
              "surface": "と",
              "base": "と",
              "furi": "",
              "roma": "to",
              "trans_base": "",
              "trans_context": "",
              "note": ""
            },
            {
              "surface": "彼",
              "base": "彼",
              "furi": "かれ",
              "roma": "kare",
              "trans_base": "he",
              "trans_context": "he",
              "note": ""
            },
            {
              "surface": "は",
              "base": "は",
              "furi": "",
              "roma": "wa",
              "trans_base": "",
              "trans_context": "",
              "note": ""
            },
            {
              "surface": "うれしそう",
              "base": "うれしい",
              "furi": "",
              "roma": "ureshisō",
              "trans_base": "looking happy",
              "trans_context": "looking happy",
              "note": ""
            },
            {
              "surface": "に",
              "base": "に",
              "furi": "",
              "roma": "ni",
              "trans_base": "",
              "trans_context": "",
              "note": ""
            },
            {
              "surface": "言いました",
              "base": "言う",
              "furi": "いいました",
              "roma": "iimashita",
              "trans_base": "said",
              "trans_context": "said",
              "note": ""
            },
            {
              "surface": "。",
              "base": "。",
              "furi": "",
              "roma": "",
              "trans_base": "",
              "trans_context": "",
              "note": ""
            },
            {
              "surface": "画面",
              "base": "画面",
              "furi": "がめん",
              "roma": "gamen",
              "trans_base": "screen",
              "trans_context": "screen",
              "note": ""
            },
            {
              "surface": "の",
              "base": "の",
              "furi": "",
              "roma": "no",
              "trans_base": "",
              "trans_context": "",
              "note": ""
            },
            {
              "surface": "「",
              "base": "「",
              "furi": "",
              "roma": "",
              "trans_base": "",
              "trans_context": "",
              "note": ""
            },
            {
              "surface": "プレイ",
              "base": "プレイ",
              "furi": "",
              "roma": "purei",
              "trans_base": "play",
              "trans_context": "play",
              "note": ""
            },
            {
              "surface": "」",
              "base": "」",
              "furi": "",
              "roma": "",
              "trans_base": "",
              "trans_context": "",
              "note": ""
            },
            {
              "surface": "ボタン",
              "base": "ボタン",
              "furi": "",
              "roma": "botan",
              "trans_base": "button",
              "trans_context": "button",
              "note": ""
            },
            {
              "surface": "を",
              "base": "を",
              "furi": "",
              "roma": "o",
              "trans_base": "",
              "trans_context": "",
              "note": ""
            },
            {
              "surface": "押す",
              "base": "押す",
              "furi": "おす",
              "roma": "osu",
              "trans_base": "press",
              "trans_context": "press",
              "note": ""
            },
            {
              "surface": "と",
              "base": "と",
              "furi": "",
              "roma": "to",
              "trans_base": "when",
              "trans_context": "when",
              "note": ""
            },
            {
              "surface": "、",
              "base": "、",
              "furi": "",
              "roma": "",
              "trans_base": "",
              "trans_context": "",
              "note": ""
            },
            {
              "surface": "新しい",
              "base": "新しい",
              "furi": "あたらしい",
              "roma": "atarashii",
              "trans_base": "new",
              "trans_context": "new",
              "note": ""
            },
            {
              "surface": "冒険",
              "base": "冒険",
              "furi": "ぼうけん",
              "roma": "bōken",
              "trans_base": "adventure",
              "trans_context": "adventure",
              "note": ""
            },
            {
              "surface": "の",
              "base": "の",
              "furi": "",
              "roma": "no",
              "trans_base": "",
              "trans_context": "",
              "note": ""
            },
            {
              "surface": "世界",
              "base": "世界",
              "furi": "せかい",
              "roma": "sekai",
              "trans_base": "world",
              "trans_context": "world",
              "note": ""
            },
            {
              "surface": "が",
              "base": "が",
              "furi": "",
              "roma": "ga",
              "trans_base": "",
              "trans_context": "",
              "note": ""
            },
            {
              "surface": "目",
              "base": "目",
              "furi": "め",
              "roma": "me",
              "trans_base": "eyes",
              "trans_context": "eyes",
              "note": ""
            },
            {
              "surface": "の",
              "base": "の",
              "furi": "",
              "roma": "no",
              "trans_base": "",
              "trans_context": "",
              "note": ""
            },
            {
              "surface": "前",
              "base": "前",
              "furi": "まえ",
              "roma": "mae",
              "trans_base": "front",
              "trans_context": "front",
              "note": ""
            },
            {
              "surface": "に",
              "base": "に",
              "furi": "",
              "roma": "ni",
              "trans_base": "",
              "trans_context": "",
              "note": ""
            },
            {
              "surface": "広がります",
              "base": "広がる",
              "furi": "ひろがります",
              "roma": "hirogarimasu",
              "trans_base": "spreads",
              "trans_context": "spreads",
              "note": ""
            },
            {
              "surface": "。",
              "base": "。",
              "furi": "",
              "roma": "",
              "trans_base": "",
              "trans_context": "",
              "note": ""
            },
            {
              "surface": "彼",
              "base": "彼",
              "furi": "かれ",
              "roma": "kare",
              "trans_base": "he",
              "trans_context": "he",
              "note": ""
            },
            {
              "surface": "は",
              "base": "は",
              "furi": "",
              "roma": "wa",
              "trans_base": "",
              "trans_context": "",
              "note": ""
            },
            {
              "surface": "まず",
              "base": "まず",
              "furi": "",
              "roma": "mazu",
              "trans_base": "first",
              "trans_context": "first",
              "note": ""
            },
            {
              "surface": "、",
              "base": "、",
              "furi": "",
              "roma": "",
              "trans_base": "",
              "trans_context": "",
              "note": ""
            },
            {
              "surface": "自分",
              "base": "自分",
              "furi": "じぶん",
              "roma": "jibun",
              "trans_base": "his own",
              "trans_context": "his own",
              "note": ""
            },
            {
              "surface": "の",
              "base": "の",
              "furi": "",
              "roma": "no",
              "trans_base": "",
              "trans_context": "",
              "note": ""
            },
            {
              "surface": "キャラクター",
              "base": "キャラクター",
              "furi": "",
              "roma": "kyarakutā",
              "trans_base": "character",
              "trans_context": "character",
              "note": ""
            },
            {
              "surface": "の",
              "base": "の",
              "furi": "",
              "roma": "no",
              "trans_base": "",
              "trans_context": "",
              "note": ""
            },
            {
              "surface": "装備",
              "base": "装備",
              "furi": "そうび",
              "roma": "sōbi",
              "trans_base": "equipment",
              "trans_context": "equipment",
              "note": ""
            },
            {
              "surface": "を",
              "base": "を",
              "furi": "",
              "roma": "o",
              "trans_base": "",
              "trans_context": "",
              "note": ""
            },
            {
              "surface": "確認",
              "base": "確認",
              "furi": "かくにん",
              "roma": "kakunin",
              "trans_base": "checking",
              "trans_context": "checking",
              "note": ""
            },
            {
              "surface": "する",
              "base": "する",
              "furi": "",
              "roma": "suru",
              "trans_base": "to do",
              "trans_context": "to do",
              "note": ""
            },
            {
              "surface": "こと",
              "base": "こと",
              "furi": "",
              "roma": "koto",
              "trans_base": "thing",
              "trans_context": "thing",
              "note": ""
            },
            {
              "surface": "に",
              "base": "に",
              "furi": "",
              "roma": "ni",
              "trans_base": "",
              "trans_context": "",
              "note": ""
            },
            {
              "surface": "しました",
              "base": "する",
              "furi": "しました",
              "roma": "shimashita",
              "trans_base": "decided",
              "trans_context": "decided",
              "note": ""
            },
            {
              "surface": "。",
              "base": "。",
              "furi": "",
              "roma": "",
              "trans_base": "",
              "trans_context": "",
              "note": ""
            }
          ],
          "sentences": [
            {
              "ja": "ロバートはワクワクしながら、パソコンの前に座りました。",
              "en": "Robert sat in front of his computer, feeling excited."
            },
            {
              "ja": "今日は「ワールド・オブ・ウォークラフト」の新しいアップデートの発売日です。",
              "en": "Today was the release date for a new update for 'World of Warcraft'."
            },
            {
              "ja": "「ついに、この日が来た！」と彼はうれしそうに言いました。",
              "en": "'Finally, the day has come!' he said happily."
            },
            {
              "ja": "画面の「プレイ」ボタンを押すと、新しい冒険の世界が目の前に広がります。",
              "en": "When he pressed the 'Play' button on the screen, a new world of adventure spread out before his eyes."
            },
            {
              "ja": "彼はまず、自分のキャラクターの装備を確認することにしました。",
              "en": "First, he decided to check his character's equipment."
            }
          ],
          "imagePrompt": "",
          "optionWords": {
            "A": [
              {
                "surface": "すぐ",
                "base": "すぐ",
                "furi": "",
                "roma": "sugu",
                "trans_base": "immediately",
                "trans_context": "immediately",
                "note": ""
              },
              {
                "surface": "に",
                "base": "に",
                "furi": "",
                "roma": "ni",
                "trans_base": "",
                "trans_context": "",
                "note": ""
              },
              {
                "surface": "新しい",
                "base": "新しい",
                "furi": "あたらしい",
                "roma": "atarashii",
                "trans_base": "new",
                "trans_context": "new",
                "note": ""
              },
              {
                "surface": "クエスト",
                "base": "クエスト",
                "furi": "",
                "roma": "kuesuto",
                "trans_base": "quest",
                "trans_context": "quest",
                "note": ""
              },
              {
                "surface": "を",
                "base": "を",
                "furi": "",
                "roma": "o",
                "trans_base": "",
                "trans_context": "",
                "note": ""
              },
              {
                "surface": "受け",
                "base": "受ける",
                "furi": "うけ",
                "roma": "uke",
                "trans_base": "receive",
                "trans_context": "receive",
                "note": ""
              },
              {
                "surface": "に",
                "base": "に",
                "furi": "",
                "roma": "ni",
                "trans_base": "",
                "trans_context": "",
                "note": ""
              },
              {
                "surface": "行く",
                "base": "行く",
                "furi": "いく",
                "roma": "iku",
                "trans_base": "to go",
                "trans_context": "to go",
                "note": ""
              }
            ],
            "B": [
              {
                "surface": "ギルド",
                "base": "ギルド",
                "furi": "",
                "roma": "girudo",
                "trans_base": "guild",
                "trans_context": "guild",
                "note": ""
              },
              {
                "surface": "の",
                "base": "の",
                "furi": "",
                "roma": "no",
                "trans_base": "",
                "trans_context": "",
                "note": ""
              },
              {
                "surface": "仲間",
                "base": "仲間",
                "furi": "なかま",
                "roma": "nakama",
                "trans_base": "friends",
                "trans_context": "friends",
                "note": ""
              },
              {
                "surface": "に",
                "base": "に",
                "furi": "",
                "roma": "ni",
                "trans_base": "",
                "trans_context": "",
                "note": ""
              },
              {
                "surface": "挨拶",
                "base": "挨拶",
                "furi": "あいさつ",
                "roma": "aisatsu",
                "trans_base": "greeting",
                "trans_context": "greeting",
                "note": ""
              },
              {
                "surface": "を",
                "base": "を",
                "furi": "",
                "roma": "o",
                "trans_base": "",
                "trans_context": "",
                "note": ""
              },
              {
                "surface": "する",
                "base": "する",
                "furi": "",
                "roma": "suru",
                "trans_base": "to do",
                "trans_context": "to do",
                "note": ""
              }
            ]
          }
        },
        "imageUrl": null,
        "selectedOption": null
      }
    ]
  }
]